{
  "metrics": {
    "BLEU-1": 0.5920783474037664,
    "BLEU-1_std": 0.29102267538354637,
    "BLEU-2": 0.4771664417298885,
    "BLEU-2_std": 0.3378332044026404,
    "BLEU-3": 0.39516477250620863,
    "BLEU-3_std": 0.35497894265793273,
    "BLEU-4": 0.3294173946101086,
    "BLEU-4_std": 0.3399660512274975,
    "Corpus-BLEU-4": 0.3423684652378409,
    "METEOR": 0.5580199006144294,
    "METEOR_std": 0.31731947024804796,
    "TER": 0.5361396412087657,
    "TER_std": 1.0567658911019113,
    "num_samples": 2821.0,
    "avg_ref_length": 5.060262318326834,
    "avg_hyp_length": 5.251329315845445
  },
  "model_config": {
    "d_model": 512,
    "nhead": 8,
    "num_encoder_layers": 4,
    "num_decoder_layers": 4,
    "dim_feedforward": 2048,
    "dropout": 0.3,
    "max_seq_length": 128,
    "batch_size": 16,
    "gradient_accumulation_steps": 4,
    "num_epochs": 100,
    "learning_rate": 5e-06,
    "warmup_steps": 1000,
    "max_grad_norm": 1.0,
    "early_stopping_patience": 3,
    "weight_decay": 0.0001,
    "vocab_size_en": 10000,
    "vocab_size_ur": 10000,
    "pad_token": "<pad>",
    "sos_token": "<sos>",
    "eos_token": "<eos>",
    "unk_token": "<unk>",
    "checkpoint_dir": "checkpoints",
    "save_every_n_epochs": 20,
    "beam_size": 5
  },
  "dataset_info": {
    "total_pairs": 28202,
    "train_pairs": 22561,
    "val_pairs": 2820,
    "test_pairs": 2821
  },
  "training_info": {
    "train_losses": [
      6.268058528129637,
      5.305750342314333,
      5.058270619322779,
      4.809168028206288,
      4.586708881261922,
      4.410236183250314,
      4.267648946301131,
      4.1518884340471445,
      4.056010928414207,
      3.9783332339421307,
      3.9104213124889586,
      3.8510618069592644,
      3.795689185573056,
      3.7528166481994045,
      3.7119580939000247,
      3.6767960701488924,
      3.6455454915909797,
      3.6153049805247135,
      3.593958623015568,
      3.566448381486132,
      3.5401151070435954,
      3.525736657716466,
      3.506731973650775,
      3.492307524914272,
      3.475443950365149,
      3.461051756570223,
      3.4479303964902797,
      3.4350915083557387,
      3.4234765713135458,
      3.411538431950278,
      3.4054179565016045,
      3.391461727384301,
      3.388028065081947,
      3.3782206433280657,
      3.370435144781306,
      3.3631873492397037,
      3.355126614945734,
      3.3485076996893177,
      3.3414423622872116,
      3.3372073621297034,
      3.3292790199323044,
      3.3249316132719176,
      3.3212802364503466,
      3.3169936305829433
    ],
    "val_losses": [
      5.50777193651361,
      5.269527015039476,
      4.979897445204568,
      4.718571083693854,
      4.528977340224099,
      4.3862852417143054,
      4.237245104407187,
      4.173888475881458,
      4.10031815302574,
      4.073328019535474,
      4.027830938834929,
      3.9584351946405096,
      3.9177583637884106,
      3.9156980029607222,
      3.88031392178293,
      3.8592374823187705,
      3.847852103454245,
      3.8443934971329856,
      3.813403017776834,
      3.7855082608885686,
      3.7809861096958657,
      3.7826922909688143,
      3.756220111739164,
      3.7511714205230025,
      3.7569029223447465,
      3.739383974991276,
      3.7275953589186157,
      3.7401975009400967,
      3.7205264083409713,
      3.6993420770612815,
      3.69819014759387,
      3.69813040959633,
      3.696943867678023,
      3.699518372110054,
      3.6938882655343095,
      3.6815364535919017,
      3.6827407179579223,
      3.6837344789235607,
      3.6722312956880043,
      3.6624186362250377,
      3.6567140783967274,
      3.665989862323481,
      3.6567609094630527,
      3.659720692930922
    ],
    "total_epochs": 44,
    "best_val_loss": 3.6567140783967274
  }
}